number;language;language_code;group;voice_id;name;facet;status;quality_basis;url
1;Deutsch;de;jung;ghgFyr7gmpr57xyTgX9q;Emilia - Young and Charming;"Helle, zurückhaltende Jugendrolle; Geschichten";Noch nicht im Plattformkatalog;ElevenLabs Studio Quality + Profilprüfung;https://elevenlabs.io/app/voice-library?category=high_quality&search=ghgFyr7gmpr57xyTgX9q
2;Deutsch;de;jung;aTTiK3YzK3dXETpuDE2h;Ben - Effortless and Casual;"Lockere junge Dialogrolle; emotional variabel";Noch nicht im Plattformkatalog;ElevenLabs Studio Quality + Profilprüfung;https://elevenlabs.io/app/voice-library?category=high_quality&search=aTTiK3YzK3dXETpuDE2h
3;Englisch · USA;en;jung;AiVXo6AkAsMPEX0qNgmP;Matt Landon - Steady and Cheerful;Bodenständiger junger Gesprächspartner;Noch nicht im Plattformkatalog;ElevenLabs Studio Quality + Profilprüfung;https://elevenlabs.io/app/voice-library?category=high_quality&search=AiVXo6AkAsMPEX0qNgmP
4;Französisch · Paris;fr;jung;MmLmgmAm7pKFUJBu1Lov;Mélodie;"Warme junge Erzählerin; natürliches Gespräch";Noch nicht im Plattformkatalog;ElevenLabs Studio Quality + Profilprüfung;https://elevenlabs.io/app/voice-library?category=high_quality&search=MmLmgmAm7pKFUJBu1Lov
5;Französisch;fr;jung;vp2FCFmQCE4NzuQj9QNe;Dorian - Calm and Young;"Ruhige junge Rolle; Lerntexte";Noch nicht im Plattformkatalog;ElevenLabs Studio Quality + Profilprüfung;https://elevenlabs.io/app/voice-library?category=high_quality&search=vp2FCFmQCE4NzuQj9QNe
6;Spanisch · Spanien;es;jung;Nh2zY9kknu6z4pZy6FhD;David Martin - Confident and Balanced;"Junger Erzähler; sichere, ausgewogene Wirkung";Noch nicht im Plattformkatalog;ElevenLabs Studio Quality + Profilprüfung;https://elevenlabs.io/app/voice-library?category=high_quality&search=Nh2zY9kknu6z4pZy6FhD
7;Spanisch · Mexiko;es;jung;nTkjq09AuYgsNR8E4sDe;Cristina Campos - Natural Conversations;Lebendige junge Gesprächspartnerin;Importiert, noch deaktiviert;ElevenLabs Studio Quality + Profilprüfung;https://elevenlabs.io/app/voice-library?category=high_quality&search=nTkjq09AuYgsNR8E4sDe
8;Italienisch;it;jung;gRvYX74pTqIZPvUtIqog;Alberto Loco;"Junger Erwachsener; sachlich und selbstbewusst";Importiert, noch deaktiviert;ElevenLabs Studio Quality + Profilprüfung;https://elevenlabs.io/app/voice-library?category=high_quality&search=gRvYX74pTqIZPvUtIqog
9;Italienisch;it;jung;Z9LM7NBnQ8aOZKIXkd5S;Carlotta - Fairy Princess;"Verspielte junge Rolle; Märchen und Kinderinhalte";Noch nicht im Plattformkatalog;ElevenLabs Studio Quality + Profilprüfung;https://elevenlabs.io/app/voice-library?category=high_quality&search=Z9LM7NBnQ8aOZKIXkd5S
10;Türkisch · Istanbul;tr;jung;oPC5I9GKjMReiaM29gjY;Gökçe Deniz - Joyful, Friendly and Warm;Fröhliche junge Gesprächspartnerin;Noch nicht im Plattformkatalog;ElevenLabs Studio Quality + Profilprüfung;https://elevenlabs.io/app/voice-library?category=high_quality&search=oPC5I9GKjMReiaM29gjY
11;Türkisch · Istanbul;tr;jung;dv1FlExW4kIBpj3BBTOM;Doruk Terzi - Young and Engaging;"Junger Erklärer; deutliche Aussprache";Noch nicht im Plattformkatalog;ElevenLabs Studio Quality + Profilprüfung;https://elevenlabs.io/app/voice-library?category=high_quality&search=dv1FlExW4kIBpj3BBTOM
12;Russisch;ru;jung;MWyJiWDobXN8FX3CJTdE;Oleg - Calm, Natural and Clear;"Ruhige junge Rolle; verständliche Lerntexte";Noch nicht im Plattformkatalog;ElevenLabs Studio Quality + Profilprüfung;https://elevenlabs.io/app/voice-library?category=high_quality&search=MWyJiWDobXN8FX3CJTdE
13;Russisch;ru;jung;gedzfqL7OGdPbwm0ynTP;Nadia - Energetic, Clear and Polished;Energievolle junge Erklärstimme;Noch nicht im Plattformkatalog;ElevenLabs Studio Quality + Profilprüfung;https://elevenlabs.io/app/voice-library?category=high_quality&search=gedzfqL7OGdPbwm0ynTP
14;Arabisch · Ägypten;ar;jung;6aXW46RTUz6Y2lkBGQ1a;Farida - Lively and Radiant;"Frische junge Rolle; lebendige Alltagsszenen";Noch nicht im Plattformkatalog;ElevenLabs Studio Quality + Profilprüfung;https://elevenlabs.io/app/voice-library?category=high_quality&search=6aXW46RTUz6Y2lkBGQ1a
15;Arabisch · Ägypten;ar;jung;ckGEQg6YnSVooU5uDRsF;Tarek - Pleasant and Professional;"Junger Gesprächspartner; freundlich und gefasst";Noch nicht im Plattformkatalog;ElevenLabs Studio Quality + Profilprüfung;https://elevenlabs.io/app/voice-library?category=high_quality&search=ckGEQg6YnSVooU5uDRsF
16;Deutsch;de;weitere Facette;uvysWDLbKpA4XvpD3GI6;Leonie - Clear and Engaging;"Ruhige, klare Erzählerin; vielseitige Lerntexte";Noch nicht im Plattformkatalog;ElevenLabs Studio Quality + Profilprüfung;https://elevenlabs.io/app/voice-library?category=high_quality&search=uvysWDLbKpA4XvpD3GI6
17;Deutsch;de;weitere Facette;R3XXDwKMU2YHwBcuYUH3;Opa Johann – gentle & wise;"Ältere, sanfte Großvaterrolle; Märchen";Noch nicht im Plattformkatalog;ElevenLabs Studio Quality + Profilprüfung;https://elevenlabs.io/app/voice-library?category=high_quality&search=R3XXDwKMU2YHwBcuYUH3
18;Englisch · Großbritannien;en;weitere Facette;dAlhI9qAHVIjXuVppzhW;Tamsin - Engaging British storyteller and narrator;"Reife Erzählerin; emotionale Geschichten";Importiert, noch deaktiviert;ElevenLabs Studio Quality + Profilprüfung;https://elevenlabs.io/app/voice-library?category=high_quality&search=dAlhI9qAHVIjXuVppzhW
19;Englisch · Großbritannien;en;weitere Facette;ib8aaABAPZQpTo6hx8Jr;Severin - Powerful & Commanding;"Autoritäre Figur; Herrscher und Gegenspieler";Noch nicht im Plattformkatalog;ElevenLabs Studio Quality + Profilprüfung;https://elevenlabs.io/app/voice-library?category=high_quality&search=ib8aaABAPZQpTo6hx8Jr
20;Französisch · Paris;fr;weitere Facette;5l4ttmr4SKNgi0HnOelT;Paul K — Deep French Narrator;"Tiefer Erzähler; längere Geschichten und Dokumentation";Noch nicht im Plattformkatalog;ElevenLabs Studio Quality + Profilprüfung;https://elevenlabs.io/app/voice-library?category=high_quality&search=5l4ttmr4SKNgi0HnOelT
21;Französisch · Québec;fr;weitere Facette;mVjOqyqTPfwlXPjV5sjX;Thierry - Professional Concierge;"Servicegespräche; kanadische Sprachvariante";Importiert, noch deaktiviert;ElevenLabs Studio Quality + Profilprüfung;https://elevenlabs.io/app/voice-library?category=high_quality&search=mVjOqyqTPfwlXPjV5sjX
22;Spanisch · Spanien;es;weitere Facette;OjrdP8Z2fWjVyt0scrL7;Mario - Evocative, Deep and Warm;"Tiefer, warmer Erzähler; ausdrucksstarke Texte";Importiert, noch deaktiviert;ElevenLabs Studio Quality + Profilprüfung;https://elevenlabs.io/app/voice-library?category=high_quality&search=OjrdP8Z2fWjVyt0scrL7
23;Spanisch · Mexiko;es;weitere Facette;0TMU0XAYky7JI2rdHId5;Laura D - Expressive & Friendly;"Emotionale Erzählerin; freundliche Dialoge";Noch nicht im Plattformkatalog;ElevenLabs Studio Quality + Profilprüfung;https://elevenlabs.io/app/voice-library?category=high_quality&search=0TMU0XAYky7JI2rdHId5
24;Italienisch;it;weitere Facette;BMLpHVZqLTDQfQalqMJJ;Morgaine - Deep, Dark & Dramatic Female;"Dunkle weibliche Charakterstimme; dramatische Szenen";Noch nicht im Plattformkatalog;ElevenLabs Studio Quality + Profilprüfung;https://elevenlabs.io/app/voice-library?category=high_quality&search=BMLpHVZqLTDQfQalqMJJ
25;Italienisch;it;weitere Facette;TnICJ0opDnjladqWtQ6k;Livio - Calm, Meditative and Balanced;"Ruhiger Erzähler; Reflexion und Entspannung";Noch nicht im Plattformkatalog;ElevenLabs Studio Quality + Profilprüfung;https://elevenlabs.io/app/voice-library?category=high_quality&search=TnICJ0opDnjladqWtQ6k
26;Türkisch · Istanbul;tr;weitere Facette;vWs6DV3PkGKMP80V1Hv6;Dilek Iyigun - Emotional Story Voice;"Reife emotionale Erzählerin; Nachrichten und Geschichten";Noch nicht im Plattformkatalog;ElevenLabs Studio Quality + Profilprüfung;https://elevenlabs.io/app/voice-library?category=high_quality&search=vWs6DV3PkGKMP80V1Hv6
27;Türkisch;tr;weitere Facette;HV5rAif1q1ITHdvxqyMw;Alp - Deep & Cinematic Baritone;"Dunkler Bariton; Dokumentation und Trailer";Noch nicht im Plattformkatalog;ElevenLabs Studio Quality + Profilprüfung;https://elevenlabs.io/app/voice-library?category=high_quality&search=HV5rAif1q1ITHdvxqyMw
28;Russisch;ru;weitere Facette;nkvv6waLzFah2jTNUZGT;Tatyana Voloshina - Dramatic, Rich;"Dramatische Erzählerin; Spannung und Figuren";Noch nicht im Plattformkatalog;ElevenLabs Studio Quality + Profilprüfung;https://elevenlabs.io/app/voice-library?category=high_quality&search=nkvv6waLzFah2jTNUZGT
29;Arabisch · Hocharabisch (MSA);ar;weitere Facette;K6EjAWq39CfwwPD4jafo;Nasser - Engaging, Formal and Strong;"Formale Erklärstimme; sachliche Unterrichtstexte";Noch nicht im Plattformkatalog;ElevenLabs Studio Quality + Profilprüfung;https://elevenlabs.io/app/voice-library?category=high_quality&search=K6EjAWq39CfwwPD4jafo
30;Arabisch · Hocharabisch (MSA);ar;weitere Facette;u0TsaWvt0v8migutHM3M;Ghizlane - Smooth, Distinctive and Calm;"Ruhige Informationsstimme; Nachrichten und Podcasts";Noch nicht im Plattformkatalog;ElevenLabs Studio Quality + Profilprüfung;https://elevenlabs.io/app/voice-library?category=high_quality&search=u0TsaWvt0v8migutHM3M
